Mean Amplitude,Max Amplitude,RMS Amplitude,MFCC_1,MFCC_2,MFCC_3,MFCC_4,MFCC_5,MFCC_6,MFCC_7,MFCC_8,MFCC_9,MFCC_10,MFCC_11,MFCC_12,MFCC_13,Label,Predicted,Classification
0.4999562224898686,0.9999910077082428,0.5775211919009174,0.855545294979179,0.21677724619794325,0.4187387967190572,0.7225933115375288,0.9831120957779347,0.6462940493112378,0.12910754086107068,0.6607593480343716,0.20014429045227355,0.9485320049432419,0.5644684556030426,0.8519438733563753,0.7266581952958588,0,1,Pathological
0.49902934656130565,0.9999797124534267,0.5765890403436195,0.7096301339341147,0.29020612080150276,0.3649665383817723,0.0766471617453498,0.8360971767716665,0.30392004297313313,0.5767869388763925,0.38037164736153717,0.5197592203266361,0.9631827345902727,0.9645684080444897,0.24264942139637802,0.37304442526752823,1,1,Pathological
0.4983773122289959,0.9999758650633566,0.5756048108576428,0.044927818782201756,0.13549318289452117,0.03938304955699867,0.08957616192865203,0.12083570251413112,0.009131932933038045,0.15585062139723582,0.8335058025001667,0.6502679246770887,0.7134487306002788,0.4783046558757127,0.1496648584694349,0.8282128893255875,0,1,Pathological
0.5010856910082941,0.9999815165217101,0.578022754875896,0.7277402721500407,0.07707768999539955,0.46219955898027854,0.26868864883909493,0.15318084312369196,0.26996900996665296,0.9314052036593524,0.47214503323361723,0.6315814844667557,0.5543383768361416,0.2199844812880386,0.42598011382718226,0.23033294893858858,1,1,Pathological
0.5006810320766791,0.999995280060029,0.577579804219559,0.11479273270229906,0.32518841484731353,0.630128849665543,0.8936344268898871,0.05078642479848672,0.04769991229643644,0.32073827109297104,0.4962315560861853,0.9606007799410714,0.6538324927806044,0.9645903989448377,0.9992063414026773,0.28322846693314774,1,1,Pathological
0.4985867959542643,0.9999966747594436,0.5765297296070837,0.840640307607577,0.1358269152273357,0.4917918936422774,0.5996909337343722,0.28150462500059026,0.8927465363030235,0.02219890294409843,0.06049427514019157,0.4203550916543626,0.7269037782450811,0.722367658063745,0.7145174763822475,0.712391913379285,0,1,Pathological
0.4994869151684135,0.9999531689823674,0.5768062607204287,0.07411157158751791,0.9096087766178508,0.3586313977451664,0.5125587996026767,0.357977067052644,0.8122067714936015,0.3252991219405845,0.33949757511289913,0.3891927843026507,0.546522137949545,0.0991340939008688,0.605422509456066,0.1968072476134679,1,0,Healthy
0.5008548050334921,0.9999950974277252,0.5774587975610261,0.6814780271448209,0.23287416450271903,0.7620301378519377,0.6722025727876899,0.8679036610070112,0.7492350943883875,0.7203458361636558,0.033112483404655335,0.6727726371763565,0.8570638188751051,0.05715450364358132,0.8143656776611439,0.49880952653237154,1,0,Healthy
0.4987247835684364,0.9999424920910462,0.5758578006326205,0.7577469687691542,0.06319619823833778,0.15714129551159828,0.866511293706274,0.8702547262975828,0.4519128525884565,0.5855567389440809,0.20315938631162644,0.62976076648261,0.30058941901296166,0.5528250028625711,0.36765609441897573,0.6841482460264666,1,1,Pathological
0.5021828557513569,0.999981922390342,0.5789806696860814,0.29014017725191743,0.6224815174584765,0.15608635791723624,0.13358165246957854,0.18626570248963026,0.8770363668212482,0.2797617446175795,0.39287835886548705,0.7536584131559901,0.07487645426559553,0.38564502335577366,0.973014136329155,0.8572813507911745,0,1,Pathological
0.4970409286865719,0.9999977848867304,0.5749766447079797,0.27133058494137197,0.1565943672561989,0.9817020893924311,0.34274764501591204,0.7525177955982569,0.7454138997342993,0.6190410613209194,0.6732489032939172,0.31027619459202505,0.716492766948152,0.690788242995308,0.9142148309091048,0.5029010037461789,1,0,Healthy
0.49960796104748645,0.999968925541256,0.5773586650219804,0.5071167197190871,0.4878723902334795,0.2828391743156099,0.213465649135544,0.15694145342500398,0.8923294530006413,0.7727476546329729,0.0915968669475391,0.12756573344492317,0.8566981498649193,0.24203788498317413,0.11187385219219259,0.4594577852219288,1,1,Pathological
0.5012813901965727,0.9999726502634428,0.5776202528143096,0.8931482136439242,0.806239996616045,0.47566322439799225,0.6994904736641538,0.9608696861255476,0.12558441534019316,0.24646794298766905,0.5366815888677018,0.5042420774427264,0.495565728259418,0.29345005518487843,0.7431713332453282,0.17597897477329416,0,0,Healthy
0.4997263385624819,0.9999551543548262,0.57684026560734,0.6249825713729149,0.8632730155157108,0.5114725140505283,0.041465334645572116,0.6926630179796395,0.8093099620449626,0.08363525721796583,0.7898108475282921,0.7251499641802428,0.7565551287342102,0.2024473154190386,0.8749890028796679,0.5513866408328306,1,0,Healthy
0.498916049942408,0.9999952595419461,0.5766587425862129,0.22942919300204945,0.3875733416348399,0.8976959864902606,0.44270638233360393,0.6580979257238035,0.8950953118217126,0.8425863954240429,0.12085928935736767,0.2115633010221869,0.47609998096420336,0.13147762013036934,0.2674095514909255,0.6202989814340871,1,0,Healthy
0.4992502754703065,0.9999614903532779,0.5766234185690933,0.6419861057428282,0.6484904454562503,0.6308396160436357,0.13821482375373895,0.8597404874979007,0.5953556496083393,0.4332512710147177,0.6360118366738624,0.23103558220871845,0.9461940219362328,0.3711163146608347,0.5862658368307228,0.41955835182791357,0,1,Pathological
0.498556230387685,0.9999585166536918,0.5755939333030163,0.18786098060545986,0.4440301140870756,0.6260322720939973,0.7851465223701903,0.9798649805105359,0.1841667551864674,0.5167542972460067,0.6266549278353791,0.7306888972831482,0.5690858139879705,0.794058587604378,0.05341489430865998,0.7011162704949345,0,1,Pathological
0.4994470929804961,0.999986056400574,0.5768422000744513,0.11985136366885984,0.356769756732948,0.7998937888159524,0.2987991467368941,0.10825832903991583,0.9781731344187193,0.7263023889283201,0.2039105728310474,0.12106471591959644,0.546715774867111,0.7445635021887576,0.9948557324564543,0.4723856513054011,0,0,Healthy
0.5005116634544975,0.9999944321099483,0.5780318901727572,0.6286120055152035,0.7528849373019746,0.17725855205126495,0.6281408464561709,0.5428070496939573,0.6982321678562058,0.7959716726651411,0.3102370530008639,0.5558476466815677,0.07714018400380374,0.18440095549970492,0.8545826738130807,0.3938509471910535,1,0,Healthy
0.5010691506187649,0.9999632671658488,0.5783416801792364,0.18738317048223363,0.448009421729365,0.6437124725465033,0.7477972018848116,0.05629807605788617,0.6568599255131502,0.9272150952207517,0.7836932816432798,0.6715488457491867,0.6202697034444965,0.7208656424401176,0.00889141985349573,0.4289376108834525,0,1,Pathological
0.500651948451872,0.9999984142681413,0.5777540562861131,0.04281221219766396,0.03405585168464853,0.5486686467885871,0.7659595202038304,0.1768831331701215,0.3675316128187205,0.96731262704971,0.6609258535261883,0.7023427242163086,0.2415406673029208,0.2037644327295125,0.8512730472493362,0.5306212083381944,1,1,Pathological
0.5016448571100024,0.999933521207036,0.578896404097587,0.4653430057289125,0.5119960891339193,0.33663763612818287,0.8979332761317692,0.5570589793487941,0.7998401574588629,0.17031468872052158,0.9376460603003044,0.7132756101628225,0.2951063593612776,0.3053968202743659,0.6143798224940414,0.06410270109546268,1,1,Pathological
0.4995793779652331,0.9999905491209297,0.5761717000804912,0.285428090194063,0.6724571359636825,0.4127016575476151,0.9805500167674912,0.938995967933942,0.32512128927276807,0.46452264410139876,0.7040470593020948,0.9769306124218997,0.9695184929836675,0.5551859349314837,0.36994188904648395,0.046236754002842884,0,1,Pathological
0.49830117677124625,0.9999894777393447,0.5755579111147892,0.3101350849143095,0.2177740535012893,0.016025126829079084,0.628310697038006,0.13439105549742436,0.3808613795874688,0.5207294530977459,0.5981178304433635,0.19926754231247656,0.5751524483492397,0.3909790495649036,0.8248135169249733,0.25312712058738696,1,1,Pathological
0.4996459971811925,0.9999893988881282,0.5764787747551773,0.948801327466365,0.1027751207219264,0.3301047980674855,0.605779084041344,0.8804794598955925,0.67703118715894,0.2559031716809601,0.07621063351534496,0.17155424767561278,0.15601117856211832,0.005336233976027116,0.6880749338052233,0.3563548847197391,0,0,Healthy
0.5007304584665725,0.9999903926364634,0.5780314532421849,0.8426442027740175,0.5446855288442165,0.7272899953550405,0.7193316029737371,0.8336175574700703,0.2746355466333886,0.049109782451262185,0.528279824718582,0.02296346977828778,0.4697104473031536,0.8846898507513543,0.9245258117190508,0.9993973722330133,0,0,Healthy
0.5019205330816985,0.9999911633553124,0.5789402198711046,0.289088347384322,0.876729872584825,0.1843216781641055,0.40235561137939013,0.7062848573679739,0.6010942108916959,0.24572703571606624,0.18310577507499004,0.8270122182717882,0.18515704665571586,0.6082781693639248,0.6345467447060897,0.2492363488034406,0,0,Healthy
0.5001129415481815,0.9999955843266942,0.5775455577203648,0.7796245984109946,0.36727454049089336,0.9868744315330528,0.22198525994955254,0.14362813566028287,0.4145803964815483,0.1488361528319252,0.10510043058982599,0.22448428009832144,0.5413934999024026,0.6717183368488341,0.3710822562022038,0.36947518569238214,1,1,Pathological
0.49907163716456726,0.999998432335252,0.5762067166672794,0.6097678979520366,0.8715366692245972,0.7068333798454247,0.9364861234776233,0.1363535343165293,0.04856794376820872,0.43694134498390347,0.9405869653256941,0.16090426871796026,0.29396854281604823,0.738648681998867,0.48060184098953374,0.6570011106156249,1,1,Pathological
0.49904968331919913,0.9999767820902309,0.5766054915548057,0.09064365137966013,0.08710325804650976,0.2772619304007674,0.4185544755147519,0.7015489606890394,0.21280874124593752,0.22421321934058258,0.9664303852192191,0.7121559982277966,0.8149238648481345,0.4138345949778067,0.499261591641763,0.6470746130218362,0,1,Pathological
0.5011583935793854,0.9999780869406094,0.5788488302976547,0.04613112484086068,0.8617827287826592,0.12460428263453616,0.28123162186299666,0.172471774009334,0.24697198239570506,0.23408798034346068,0.1471263333312206,0.22572406190291616,0.6222683260320456,0.31141136469417574,0.7719086063138959,0.01974891416942215,1,1,Pathological
0.49739564069047315,0.9999925523172007,0.5744413346842473,0.19287781376642543,0.24247032730215812,0.8870426718121678,0.9980424045440276,0.5382150838162423,0.7469901345427366,0.4024489796824363,0.9209676289627774,0.32957979289273154,0.8356857763088809,0.9774126155843439,0.9746965748324612,0.1666390131340022,1,1,Pathological
0.5024590811778824,0.999996327982336,0.5794167852112176,0.9817988597226248,0.8318623094482483,0.2500312551998576,0.8255319329558515,0.5975006328498282,0.9390299514381468,0.9303634000741896,0.7540186689755152,0.3074731290662701,0.5354765011797153,0.315116171015582,0.9409961275444599,0.5900421932383256,0,1,Pathological
0.4989490922109477,0.9999443642801479,0.5762067375675479,0.8477958030039534,0.08583594062382005,0.0969885978654762,0.7984403478439989,0.18632082703844444,0.14699384844895258,0.22961094450508301,0.256565808573061,0.6792443164005236,0.964978557770232,0.8807221193972001,0.5079956691698335,0.6771111445707185,1,1,Pathological
0.4993671544647338,0.9999290178366574,0.5766524183495028,0.279612798763052,0.8379278132441328,0.32728526959184645,0.8806057158563584,0.8899145997602045,0.40328691442503795,0.7610618769867581,0.21568548328120396,0.4624556375039902,0.166440976721017,0.7576637184839601,0.638206624460494,0.5449450080712799,0,0,Healthy
0.500436281273639,0.9999802038996912,0.5779024147844796,0.12673080399109016,0.3884700993213044,0.38963096790156815,0.6761011842184056,0.18666058801469454,0.5372308418107843,0.8977153166407154,0.7819261316689661,0.6525932919262281,0.5884732058687736,0.8130845189382347,0.31793001426799883,0.2556636730204982,1,1,Pathological
0.49872564384918816,0.9999718205272624,0.5764962065929993,0.09248650990044327,0.880377583537756,0.3916858949940919,0.7350440434780972,0.8472163758628757,0.7040878671794152,0.4584525115089343,0.8763399148299582,0.4298893181800467,0.055460621778956165,0.0557054678067761,0.9812016920483844,0.5476533679754098,1,0,Healthy
0.497245451751882,0.9999902589665951,0.5750270593391624,0.7735547728705017,0.8907960371218389,0.18986071017762407,0.6340779982669259,0.7248630143547257,0.8286080315243375,0.6331366539908062,0.9728413220336444,0.4092883130265258,0.5720414402921316,0.0962542489521665,0.7381520857778505,0.8965451101803995,0,1,Pathological
0.4983661998493454,0.9999920584453882,0.5756979540598184,0.2913859402599588,0.7848061987341725,0.6391790513712905,0.3035478946570783,0.06689706421169617,0.029707060621728898,0.10667854696550771,0.6817073134173404,0.08748677674327965,0.8838601171095752,0.9355178484995881,0.14742183746555626,0.6674944552118786,0,1,Pathological
0.5000539142973616,0.9999947590799417,0.5771839109055533,0.5902744627054318,0.02126214641005797,0.7077546614012363,0.6237831783088468,0.9811805435997545,0.8929354107720266,0.09134801495197109,0.2098960707137414,0.4237613901449311,0.853993962536723,0.1264604381325033,0.4620106751804871,0.9844391217782659,0,0,Healthy
0.5007084792431356,0.9999796091135432,0.578240299255046,0.6329082253401147,0.4606418651240435,0.7235409723968038,0.4070027589223587,0.4270058027754612,0.49475570149127845,0.6534322885179847,0.7083545656875329,0.07338371326729543,0.9784007049538366,0.25002777592075665,0.04713754580881613,0.8365758666089911,1,1,Pathological
0.4989238873539035,0.9999960620684559,0.5763311178337351,0.6371846912883626,0.5611950593629044,0.3390231902137134,0.7529125757772311,0.6730251388172998,0.10775533999756193,0.4572988339038908,0.9544138755620001,0.5054662097505623,0.8375162504502317,0.8185871094595367,0.5215057024483757,0.06862318866587891,1,1,Pathological
0.4998858200580908,0.9999921687483929,0.5773746716197871,0.38253033891555466,0.2212056847456969,0.8654000932201502,0.6687200653989843,0.5381232310798776,0.49975457642741583,0.35545751970169437,0.4079449115916731,0.12946091068334786,0.9419596154911319,0.9615257434274994,0.2371815244055515,0.4216270032364986,0,1,Pathological
0.5013112649690635,0.9999899340817117,0.5785652456477689,0.879521306141265,0.4102741142772761,0.7055565727525298,0.9217485543254164,0.04918897555231938,0.8711697317637348,0.8876010423387023,0.317855736008988,0.7209412770497738,0.7442267058968572,0.6831922089525334,0.1207797300072837,0.6366322801457653,1,1,Pathological
0.5012870183141596,0.9999890733958483,0.5787594732395546,0.5216959409525727,0.3738319872686774,0.35951643362176744,0.6211782152499741,0.1396401099374326,0.002322603368300924,0.022167401230337114,0.9364741131614327,0.5709004783307368,0.5388122571373707,0.5524602885874276,0.9790723744207912,0.1839657388885475,1,1,Pathological
0.49872980181919024,0.9999952630511197,0.5759276873621031,0.3020854193101792,0.5392342808260026,0.6377693683663732,0.7977026333815264,0.4405880251558898,0.8454258845100497,0.6762760366794325,0.9281155815049587,0.2953659794673579,0.8896190641020356,0.835824150242988,0.3089952134864494,0.26159685812821065,0,1,Pathological
0.49881430797062004,0.999973198874355,0.5758099267048128,0.7190099738354196,0.9787038998732689,0.3487222339558298,0.7084638837232928,0.16124412649049613,0.1805358699552626,0.2620701319012031,0.8207302035611677,0.2338924792340734,0.12031591040568435,0.13135039670951865,0.10668929714468911,0.9075539646352353,0,1,Pathological
0.49881002436636307,0.9999969169194771,0.5764921837804233,0.9654497219840515,0.5254171715239353,0.9017644228585884,0.049315365871676176,0.31843340130350917,0.7815296664127372,0.9903247591713836,0.9011820909027837,0.02140770319475116,0.6270541554551863,0.5435584556430194,0.3911855757905621,0.4999902214014311,1,1,Pathological
0.49949484778721903,0.9999960776711393,0.5768020054387498,0.50496069431751,0.10224859855009749,0.9895823699994682,0.24745117574655107,0.21394633137169794,0.9527534852030743,0.10249374837945646,0.18562265672490086,0.10592146184821294,0.5636807985622221,0.8760483028295646,0.24444970579612169,0.4080485872441557,1,1,Pathological
0.49686763362584957,0.9999967011889908,0.5739008862210105,0.5459812511163851,0.5058434978257389,0.45737170485975853,0.03683788528921439,0.8696118577127921,0.8981498258324727,0.31221143753618597,0.957774252293384,0.33963132395091744,0.8513062796761621,0.804881947346496,0.9214863271918835,0.6768332532396368,1,1,Pathological
0.5013758478521376,0.9999490015882514,0.5785258456477923,0.2698542027033649,0.6491888488826331,0.7793149019262147,0.2352511721070385,0.32105213161597324,0.441890238976677,0.0505370754751695,0.8357487604508161,0.0491794800281391,0.13037865944339833,0.4215920678931776,0.27564641536516665,0.485885044545715,1,1,Pathological
0.4978747821236495,0.9999464313112213,0.5750952750914443,0.7964940824567438,0.652243667103086,0.5707232727523142,0.7995441960754067,0.698485189874573,0.4628549915486726,0.5975520807572331,0.19400285679065554,0.5720276473621517,0.9244795090030253,0.7302219301972793,0.0025744392244659853,0.7097038313041999,1,1,Pathological
0.4982894348924797,0.9999957919921829,0.5757893184060219,0.0738570051834071,0.04222931930986129,0.49845068418474003,0.13383130444336666,0.7655163806390016,0.5578845995152697,0.1362156154408546,0.010601623808148886,0.9727322262523975,0.33097905256629334,0.93219494952109,0.24415071363979857,0.3173666041761707,1,0,Healthy
0.5001739709114159,0.9999726760875552,0.5771790058906302,0.5356505523255032,0.7771503943230909,0.6245146934163776,0.8687163048246285,0.8482056835971984,0.46273385063249295,0.8864107928741297,0.9349377682482742,0.3948268724568045,0.769202853369688,0.12732837788074258,0.442859725796128,0.11404512706440306,1,1,Pathological
0.5020492305962253,0.9999955160446415,0.5795829067809196,0.49513795167067276,0.44110293502851083,0.07095947055871343,0.6455018995438614,0.9768383077852766,0.6892990364703838,0.9938311654841614,0.440380406940013,0.23205342401311368,0.15678240020589662,0.19972310642592872,0.799033138599817,0.37629242101203064,1,0,Healthy
0.5009381951579093,0.999976608454199,0.577636291481788,0.8209758986105242,0.8174487152929287,0.9291379117140536,0.22502113380182442,0.4761585060859401,0.8454733530018055,0.7710440741903709,0.23805785919150346,0.10037503749439691,0.9158531226623482,0.8514900986173327,0.9991377028207488,0.3931427446646568,0,0,Healthy
0.49876080229951597,0.9999876932163506,0.5764536990033818,0.2330333831045578,0.07099059878898784,0.3312447856223919,0.6070850215520611,0.215657513773994,0.9201763125833131,0.5257024026031236,0.7143139700044536,0.15072050855403085,0.7010142507375148,0.47662526458903254,0.931622305234923,0.6060179908944568,1,1,Pathological
0.5016325044147183,0.9999889864262124,0.5786378298550192,0.17848552985937172,0.481364068579596,0.6310045717927893,0.784115315659205,0.2985077612563445,0.7315436090304144,0.8410195592418571,0.47721026996100746,0.9240192805247306,0.6653450143379532,0.1343984569512251,0.04721277850193295,0.41274725557987,1,1,Pathological
0.5001928893180615,0.9999846315865689,0.5778053238038415,0.5589825043729783,0.1002939397358098,0.44995634217637814,0.10720140061380701,0.1281089278772617,0.15124385894610282,0.18284801703684028,0.11835473501577398,0.3127503663089407,0.28805568197720866,0.9340513155877475,0.06521472624620317,0.2592108815868457,0,1,Pathological
0.5002594946281895,0.999996369449779,0.5775597656745255,0.672834762941833,0.8974786499118481,0.547788152946741,0.903402787670183,0.30682809941891875,0.7755422789360141,0.21916714462642295,0.07489336245458511,0.29107932975464845,0.3056125480478544,0.2633386703056445,0.7985320116716184,0.2795266595846333,1,0,Healthy
0.5013772181463451,0.9999415365911519,0.5785027120005592,0.8306609600613541,0.013690814295141185,0.06514294550985211,0.554585229895066,0.7735823779768558,0.8273653799254834,0.5983963525512612,0.43387996122415384,0.7081568702174641,0.946581553134973,0.6530909478088596,0.5198280245701045,0.6517623065568033,1,1,Pathological
0.5009772519763716,0.9999323351942581,0.5781745964895031,0.458535405587722,0.6531398319958986,0.0070151782653302686,0.391932126252149,0.20734322929576277,0.25955909761752205,0.09874288517163787,0.48247946750060233,0.09664198240047961,0.10074619631527038,0.04092181166136921,0.6206242045606758,0.6040501493821299,1,1,Pathological
0.5008465090630562,0.9999784100563461,0.5782944212029383,0.7140475004107758,0.9230798729755249,0.1225422306640398,0.5546369077155202,0.7544489431077311,0.03138490736925903,0.05771192199729269,0.9618297922335505,0.7512778843721495,0.28953653672144375,0.756510106361723,0.48946021165102416,0.405469928057021,1,1,Pathological
0.5023792606866228,0.9999755109842609,0.5793041379338564,0.9129650257984974,0.3569789587162865,0.5925826609435983,0.3096364890487273,0.15788792723470646,0.20424471219814633,0.44126517413007627,0.06526935181122262,0.13241545979544145,0.02802998235315257,0.12315500893668374,0.0560543720016794,0.8185371419552396,0,1,Pathological
0.49712249386073243,0.9999220551718507,0.5747535073766873,0.4780500530044014,0.05619704005690174,0.45787469744755516,0.11456759577511533,0.8646930204506373,0.25616906120689886,0.31475921284888697,0.12902822028155347,0.6963027563223129,0.24495159430885072,0.35176546792308483,0.05621954366962434,0.5269174310476549,1,1,Pathological
0.4988041946958964,0.9999882604058538,0.5764815248413737,0.955738692314473,0.17948602887301957,0.11225401477762265,0.29495020114696213,0.43694898727133014,0.5041300703400413,0.5719699404975158,0.4667300477499423,0.35566352246030686,0.3665557110326667,0.6642188571332256,0.39529077263843015,0.14994645044089383,1,1,Pathological
0.49981405462730744,0.9999924658178259,0.577481277424461,0.09176724448424889,0.7458949900931143,0.6053722903072951,0.2606304679173572,0.07845420249748802,0.15593338452948802,0.40049998177600865,0.5687643286475096,0.24330039843582174,0.5123944506986596,0.979661602711849,0.6743494110559021,0.1763083686934983,0,1,Pathological
0.5022015940422483,0.9999991953778085,0.579343833909736,0.6758396162410291,0.7208863118621511,0.35953926027758765,0.2949927602872232,0.49704445030274524,0.4984562479801973,0.25631514631919927,0.6384807245461567,0.7737370214995847,0.2115353951565042,0.7782985008242701,0.900479689856239,0.15548606100327755,0,0,Healthy
0.49749301309815197,0.999998007323122,0.5755128531338903,0.09077711747751427,0.5359314593224144,0.8442162670682182,0.11297084771106114,0.01023564387716458,0.8672813856612686,0.5297730559658503,0.6861210442152423,0.18720867078654735,0.9143042830655793,0.529753146516046,0.7717104898394215,0.1463231248760256,0,1,Pathological
0.5016063165149034,0.9998926876501831,0.5783470281686272,0.24797960276634856,0.515512704199327,0.2470502346866339,0.3207872803384547,0.5931325893310974,0.7464544583660775,0.46838740921214195,0.604851985523489,0.8023657741994566,0.9177583119446596,0.009107453000462784,0.06427110912171807,0.11849430764946478,1,1,Pathological
0.5024834076183711,0.9999959234846061,0.5798364274689868,0.2741875823799912,0.3634838697905516,0.5554884536323145,0.38148112776834464,0.014747121619713588,0.32376887827534184,0.40703027661239255,0.36634551524748116,0.5694165747792389,0.09455384521720556,0.9447036637371811,0.05110721543325214,0.45718900716062405,1,1,Pathological
0.5003219237833987,0.9999915143944531,0.5771803469795914,0.6849408276473007,0.7854011351488879,0.936920333762854,0.6026507986597754,0.4089899236729986,0.9796884461589154,0.6014241256142316,0.7314688266497141,0.6383607946578251,0.8664898802204783,0.24518055868948108,0.8884047520608095,0.5113477151165216,1,0,Healthy
0.5009248586809607,0.9999312458283537,0.5782663152472959,0.6468696546276018,0.6176992184542393,0.0037862824886438773,0.8372623141318633,0.7088216162455379,0.30934111893666705,0.029073714346690482,0.8949122269103227,0.5167970374321559,0.6834022839864126,0.2659647061221242,0.7660366261481636,0.9528365055296267,1,1,Pathological
0.49816221964381313,0.9999356657801554,0.5758436782678275,0.40174706494265044,0.030199665469135217,0.9187000931247014,0.46723129053581725,0.36663365434669415,0.7973203837048177,0.6179364027808594,0.44799707225426844,0.9467366690895426,0.09044010462604612,0.4078134224469204,0.5908492767114903,0.7241589475807038,1,0,Healthy
0.4987276755228213,0.9999995649695367,0.57635919275543,0.04064682428556665,0.5382148320065242,0.36580002049584004,0.5893018154076347,0.8920838800399401,0.29424796837987355,0.21961271694997053,0.729487015974164,0.3051287383107012,0.6374978861421777,0.702275791260842,0.06399234031231948,0.9156604554047139,1,1,Pathological
0.49988598071339785,0.9999456579818099,0.577241975738828,0.35791706269427637,0.8777386203397223,0.4016948873558739,0.2832356739892141,0.25029964745065425,0.9274651849991875,0.5199105427571173,0.8691597312424459,0.4133595375957787,0.08687541631999851,0.6314060447678522,0.6894795586365816,0.1344606475801866,1,1,Pathological
0.49815261898650737,0.9999982729977012,0.575917309823407,0.7283374266490189,0.8145084990117393,0.9781507248530895,0.72726327449252,0.38633889319965165,0.824668504800957,0.267259730384692,0.49683580810838157,0.6527600567092354,0.9494986051681432,0.4917508001257792,0.610564782552467,0.37482986025481857,1,0,Healthy
0.5024702395950561,0.9999985134506293,0.5797616236850767,0.1921285724419356,0.6546710431866677,0.049090373785506514,0.6944868616701803,0.14225529993386643,0.589825384702286,0.8830788655725011,0.913434875455422,0.61823149690945,0.09029607628218461,0.2079851876437524,0.8273829547798179,0.62578419878115,1,1,Pathological
0.5005526686667702,0.999966567793466,0.5776336811309928,0.9360121530172001,0.3267497623309761,0.45219514251568915,0.26963919722183227,0.2941127647488464,0.7401749792298451,0.283754039864345,0.8207164646589238,0.8218669401032115,0.6722523951562334,0.5683835080215884,0.7503029041550335,0.3654555168352469,0,1,Pathological
0.5000940926096903,0.9999883668452846,0.5774912993132102,0.3434301595717878,0.5302880799116617,0.47674510257510605,0.9100655517739491,0.6494510788857016,0.20439830272671777,0.14313596211131718,0.8295073902646262,0.7697683681602386,0.23951772826876694,0.15963309125483705,0.6593249059314413,0.7508761354307398,0,1,Pathological
0.49956050615081865,0.9999924968172684,0.5777769910948237,0.6351410744042768,0.568424114248393,0.40725982710537356,0.31461669577625084,0.03692643090294123,0.2774538013188983,0.025422922930557812,0.9833650188841582,0.7582679897150681,0.9909698747205758,0.5403013789610605,0.6984889582426838,0.28631171996299765,1,1,Pathological
0.500600075514598,0.9999810917964,0.5776995589653061,0.9862321405852578,0.209102980971277,0.2684929301836507,0.6292120701079441,0.226653526002496,0.3468976823585188,0.8764823695130421,0.5823654893740663,0.9771056296737801,0.7062034302550889,0.7150562430537262,0.19861880096181084,0.77591191645539,0,1,Pathological
0.49995869552658223,0.9999732853346043,0.5767930607022159,0.4281617731121532,0.6766851739044095,0.5605997426477878,0.9815560604024834,0.35756302261477246,0.5007382324324218,0.4269135456758244,0.09009636060439408,0.708360966524927,0.9939159180812083,0.150959334731541,0.30476395878011153,0.8751769381223294,0,1,Pathological
0.4984953386873658,0.9999897142248136,0.576082789993598,0.12368301992826425,0.4487572971718603,0.5670279431504969,0.4526032836895204,0.6307035469919297,0.8604320648347605,0.24947986163595925,0.7084910356345342,0.8527164333189927,0.48642797344070887,0.2517419619067979,0.3531947121987382,0.12056590590702032,0,0,Healthy
0.49970790679622534,0.9999849307882277,0.5770982773781272,0.24228173374455086,0.21843421581631794,0.3973360767871713,0.0759977665399334,0.38168095578013317,0.03652754758018073,0.9471143050683927,0.06456808933346248,0.85492207166381,0.381338431903782,0.7790411950661154,0.6179433843238995,0.09651167830086893,0,1,Pathological
0.4989556178633348,0.9999450951695826,0.5760007281979754,0.2191720778373658,0.8333610459370702,0.31430295170517364,0.010662772863344494,0.6020148260650333,0.08255964202772303,0.016824415135121673,0.6713081208045288,0.030136162508684228,0.051280424840165595,0.10671390678420423,0.2250688989879307,0.03269880829670879,1,1,Pathological
0.5000068594854598,0.9999525219042849,0.5770478333343025,0.48375070441883317,0.5748460778362132,0.4264946263643946,0.04663400033104281,0.9492634697096107,0.27833360590962364,0.3749729080715989,0.5446881712307821,0.5468857366510882,0.09265492378904228,0.6056451393770951,0.6529764682756591,0.5505992006661466,0,0,Healthy
0.5006607526018773,0.9999952763513136,0.5778234405124538,0.5492392324930624,0.7898693083300014,0.6629450663081047,0.24275603484281083,0.24251126895788067,0.34624003829425853,0.9065558496374162,0.20023378211604526,0.6781147796663918,0.4634599932211839,0.4209984753211756,0.24073692971039573,0.8199648873583826,1,1,Pathological
0.499717433144144,0.9999960963880765,0.5769349009431424,0.12558483032560253,0.9933001582508968,0.994348065115367,0.9154263463772828,0.18698093926862547,0.13845014516931875,0.2953259985258049,0.40083404863099226,0.8741775873372993,0.4086107301777211,0.2560379696884736,0.710917770025992,0.5551467293649914,0,0,Healthy
0.4973081815881956,0.9999914052789627,0.5747312699050057,0.19787817373447614,0.1755601196493244,0.32350342209868777,0.23146455000268085,0.1515355005482366,0.12424392350179791,0.6920294032211244,0.6514455350491923,0.5612659802109111,0.09175989322145406,0.988826591489318,0.9710780862095069,0.5068534735940264,1,1,Pathological
0.501285042008391,0.9999962776893481,0.5782461909130199,0.5119510070598959,0.03457738234853214,0.9847718858859542,0.019005058932431984,0.641224013263861,0.9977894561732772,0.21478232722967938,0.07195796053987202,0.8823714577509066,0.11335952247736525,0.6513235213183597,0.5895204856424316,0.9845241704858837,0,0,Healthy
0.49661891553334586,0.9999891889468125,0.5738538517693198,0.5822123017816971,0.682405258166933,0.7334493177824415,0.7419272849853424,0.6879616645327277,0.7623827380207449,0.8265198180787353,0.3598844052522894,0.6841068643069333,0.9153172406239122,0.5929045682604596,0.6485295034623788,0.9220786187440293,0,0,Healthy
0.5010633409092098,0.9999560787200189,0.5781917568703033,0.8752945680536239,0.36335076560451807,0.41835233854335485,0.42923300562978894,0.34698464479498725,0.69244623540273,0.1654453105114927,0.7174571888017371,0.9965641732728039,0.5994965629831376,0.5661140977761226,0.2889997751440988,0.3043388786366168,1,1,Pathological
0.5003650306852709,0.999999446070459,0.5775129177671857,0.45775644798471193,0.749327177200016,0.8896228748578054,0.6446995746255884,0.575882107919289,0.5766044301535946,0.7195316860178442,0.5937008186020619,0.6112919262163469,0.3307281772698131,0.45796774098980986,0.49504540492591764,0.818268962786028,1,0,Healthy
0.5008513200989063,0.9999549916675081,0.5781213723093829,0.1753053384663914,0.2668670743070196,0.8239774593648244,0.8296944902497759,0.6596210731440191,0.7338522077979028,0.5072193895000685,0.4621944271805347,0.3349250850235337,0.871970870445889,0.6837527839080668,0.9219855482926758,0.2748331615860783,0,0,Healthy
0.4989758067603407,0.9999742102602112,0.5763031583559892,0.8809097983079682,0.9546070697482716,0.4954728373328413,0.8513553652532595,0.9949117624407199,0.2682255619467391,0.43859008371336794,0.11315900582512806,0.665420409117057,0.9544464488326059,0.39399752454721226,0.9254553436943881,0.26003438731335804,0,0,Healthy
0.5013145759946532,0.9999964033799591,0.5785839226829295,0.9969079651822134,0.7896942294892397,0.6020513285811484,0.11088403962554927,0.9355884457996719,0.12686240436590301,0.47728774306568755,0.16556158716289038,0.021745671969932934,0.1267364222432985,0.306524519712125,0.2856125463383563,0.9190483708295442,0,0,Healthy
0.5015512519015346,0.999964876952017,0.5783148663432119,0.3253537834934719,0.5880585192815998,0.6534508884976157,0.6464695331633947,0.7128125218931659,0.7104933289279755,0.8802864494542799,0.9639434394511809,0.6535428740874073,0.6508277257807794,0.5538598141070247,0.6061747778690542,0.9527225826041402,1,1,Pathological
0.49915006369462056,0.9999893756339331,0.576696365540322,0.9176643029864311,0.5706083833930329,0.16059220447386968,0.6218051564045859,0.11935841138185321,0.3184125651259172,0.2791698575631014,0.7547951437115148,0.3054754764694255,0.7486470615585468,0.9501578021691766,0.6265755840607425,0.3777564837852653,0,1,Pathological
0.4993827580300948,0.9999993076852959,0.577179259405674,0.8691600834030946,0.08680879941654152,0.6478610460605444,0.6590342029972766,0.5670768328544714,0.6536252172829782,0.006584906531333479,0.8348382924166212,0.9293406734934768,0.028298237067022947,0.4959260592057687,0.37100521089702176,0.21317315840015483,0,1,Pathological
0.5004605525678976,0.9999667849534493,0.5774840979441106,0.33596018233618063,0.9682304633172762,0.2762715032291069,0.06175900239443932,0.32844571984397175,0.940291451669884,0.41226323817673316,0.9997759372446157,0.8626570387579222,0.6504459311293115,0.3659461812246685,0.6733908934124384,0.8469011719712501,0,1,Pathological
0.5010596775376476,0.9999247711491128,0.578374970916669,0.020390656159903875,0.15898154227385286,0.8709814895703273,0.9905084755648128,0.8769091134424571,0.7493173167485818,0.24960598883954355,0.21425584255589714,0.9100152993473426,0.49707041921444517,0.4667216519413755,0.8544976150999879,0.43295297758112694,0,0,Healthy
0.5009324060418936,0.9999998629981333,0.5786227070748268,0.9513379803927969,0.7300162717894173,0.09183924979930269,0.0010034008033142916,0.9011429834254965,0.5213908826771124,0.19906974581773396,0.5004884014475077,0.10292153613181598,0.2785111509349524,0.08106092088769323,0.6787549473289454,0.5091728180282707,1,1,Pathological
0.5016561201693946,0.9999970821006061,0.5787123435620452,0.3336280585941077,0.41618425240801715,0.3758991121732004,0.7510079270655837,0.6409034861972978,0.3272599311009796,0.5409109647480466,0.6386062239477975,0.14488166206238418,0.8026383487661857,0.5315516892510217,0.7016544496018875,0.02798147278997476,1,1,Pathological
0.5009238181450143,0.9999305179734639,0.5782995750008121,0.9308201240322893,0.7763165776005625,0.3857067771717404,0.17946728155486835,0.32073141648442993,0.6449591536732583,0.058331731700773215,0.3857884923510997,0.5102860551362653,0.7713445872627406,0.12779219800958164,0.8685546555184243,0.6166059407743708,0,1,Pathological
0.4997083740854043,0.9999970728409242,0.5776015536830317,0.26417629457304526,0.7557829703675523,0.6720788008947931,0.48491957959697984,0.42412700125336,0.5329468089825763,0.9807617969668977,0.33488097554441265,0.9467385057357883,0.7739881478155523,0.41578796759486314,0.24475656785026878,0.35225522366480533,0,1,Pathological
0.499798323585835,0.9999601110517536,0.5769426736952308,0.748311165798126,0.6447994501390247,0.6352087382495663,0.7405909638133109,0.9412316351945592,0.5777056230993037,0.03597602100482489,0.7893146178727967,0.942409043815789,0.2687269576121799,0.17735865205936208,0.9614802489577987,0.4048406181642098,0,0,Healthy
0.49974849574497066,0.9999925613750337,0.5777673588095859,0.5721256282928121,0.12170204168471954,0.31751106557314823,0.3423369886389287,0.7367335575672836,0.5679263850368949,0.16715528147956138,0.4447722652652911,0.6498462204918712,0.5938546587329486,0.8805512789490726,0.3967509556058767,0.901028068694242,0,1,Pathological
0.4996372337711946,0.9999740258323307,0.5772119296504008,0.5606551363207779,0.4283236799415959,0.8151403344623751,0.8258472404068163,0.17410110803551015,0.33604292240662637,0.3081311462034664,0.0005544765983487299,0.6828189278085629,0.32073955762597717,0.606781500433259,0.44853856000081027,0.7673164485192864,1,0,Healthy
0.5004904204266406,0.9999573313277113,0.5776457072729717,0.6257970520333529,0.4916888582544595,0.9472932212466517,0.3100424225501829,0.5075427500667475,0.9288378998945793,0.7507003011397235,0.4130630531314272,0.9667537652114753,0.707245712621398,0.5648202209468319,0.9323428400217593,0.84606287845559,0,0,Healthy
0.5010842303982403,0.9999862672228137,0.5782839597503411,0.38515288917177803,0.08584809303930074,0.39288381014763674,0.5504327659500979,0.5873032664407927,0.2292371243667901,0.9681163339765009,0.47665968237483747,0.4632909935777024,0.8827756025548384,0.9971608388838077,0.6028230853068179,0.8001242917615565,1,1,Pathological
0.5006347823381067,0.9999962188402131,0.5780639537228406,0.024496687791129013,0.3152843239682487,0.9465442663165712,0.5376368489996018,0.06224684501263911,0.48365985142304857,0.4209870618937893,0.33457602478130777,0.6396371817068712,0.5852744048140138,0.3643190167242971,0.037643964488004444,0.13291251291666661,1,1,Pathological
0.4992773813658704,0.9999513859373172,0.5767896061419395,0.8315011630156276,0.768408851862541,0.10924512226308669,0.33736234391872155,0.5622737925530502,0.3107203037760543,0.8410084162219476,0.9107897781053875,0.9015780639107694,0.6233454607814951,0.3986977865870761,0.19906505930509122,0.04440212019081302,0,1,Pathological
0.49985772107215665,0.9999950127206634,0.5778899683786272,0.10269336772929727,0.563256030682419,0.6673296061881996,0.5011387641610078,0.3107871466963148,0.7367838084114584,0.12444811332175243,0.2115598799119387,0.3932820666785688,0.15209543126882474,0.7186368090716276,0.8053113941075858,0.13537308040832852,0,0,Healthy
0.49896433132507767,0.9999845126891698,0.5764705632403605,0.7028207626827677,0.07129021867597907,0.1549326603953285,0.6965369692469295,0.15146626382944184,0.03036932733382325,0.5962235357887437,0.4386477966039706,0.8547868335491325,0.0860211041001896,0.08001510407745605,0.5583190473007501,0.4419805157814569,1,1,Pathological
0.5000538006245347,0.9999856354693614,0.5776574910112134,0.7174951984138978,0.3531383495993988,0.840967816509642,0.5715410991505055,0.8605359125505151,0.848506559225802,0.42809948444840507,0.34657886233453683,0.09435835483112309,0.8529041950456477,0.6462062426615978,0.43094969525830684,0.897365609750062,0,0,Healthy
0.4998390817754544,0.9999900477075893,0.5774355382617868,0.8532222838476778,0.42842755714397274,0.048229450803876195,0.40927805804693906,0.3173688410478457,0.45416735663606156,0.09635692068575741,0.9746368006580534,0.21077672602112896,0.46394040416953974,0.23684814169124258,0.8647388897577647,0.5888976631050868,0,1,Pathological
0.4974272950565245,0.9999897990232851,0.5752688235165816,0.7578962603399807,0.6571714022484219,0.7084786470922003,0.9222285476896592,0.16240502183859262,0.5618121117191027,0.10635039712760974,0.7964226578643951,0.7728196156559952,0.323993583342287,0.9441596653672327,0.36044252999016213,0.7264140971779429,1,1,Pathological
0.5006113749116285,0.9999972532585976,0.5777633147791742,0.9715948401753524,0.05840001671602557,0.923240879294868,0.9908437890143705,0.4857283646430318,0.4484242080113716,0.46097555468517337,0.5958624997707146,0.7578476162848959,0.9189036111423884,0.9676092582196749,0.6403828746360835,0.1292837811386105,0,1,Pathological
0.4977511103347319,0.9999910637091428,0.5753714865372255,0.8449481743930912,0.6040759515195386,0.20726723120046897,0.008668571486090682,0.519809147136969,0.019617727012533392,0.4178413184001849,0.9475000929780353,0.8388103615934739,0.6535076991155383,0.8413515199833739,0.9401787886282652,0.4610730328111825,1,1,Pathological
0.4994985786167444,0.9999997159786654,0.5771059287245892,0.8076207774166028,0.33837816939934673,0.9619285600391166,0.8359940126448685,0.6256842463095126,0.9690102727317312,0.699221096248504,0.023922650375459042,0.16423429525853528,0.8569803416085557,0.20233071285458903,0.4976018668906146,0.1184627321817413,1,0,Healthy
0.501141503624076,0.9999916123446778,0.578066964103822,0.6284000170998675,0.33929643602233006,0.922105713595442,0.6395178445931624,0.9195891823256821,0.8715733589650915,0.7755410744699743,0.8963811127770877,0.2954229519482542,0.24752806914758463,0.87377494886643,0.0026595757509232376,0.2505616670922506,1,1,Pathological
0.4992171349994193,0.9999993267414541,0.5768644987651174,0.300784490991407,0.7224519676500593,0.7753707598272632,0.16122250391481618,0.7469037815936279,0.035794425256530205,0.20312435240269144,0.40962098168729655,0.14388309481180828,0.3158217708923998,0.7008205268653523,0.5613961539553916,0.11905014310218298,0,0,Healthy
0.49857283754825604,0.9999856006956042,0.575490710134198,0.7735927315104979,0.7857712207833073,0.3244382570490102,0.5245539747142863,0.23833344037892468,0.37704676482708555,0.913108000900627,0.24540535991504553,0.08766745575701484,0.25277830823004666,0.07875378127347288,0.8294214670949769,0.1777470650257793,0,1,Pathological
0.49875088903209613,0.9999742415551903,0.5760877057299678,0.4731895793135197,0.5432975389542813,0.018995069944294674,0.8419185937687902,0.2972495687345339,0.027806366916737657,0.9466970490876458,0.5052922247185209,0.42057125699303155,0.19062723329911768,0.5702550349733172,0.931784306640565,0.6802416955081808,0,1,Pathological
0.5011840260723072,0.9999084696635471,0.5789713644935659,0.28118955333178564,0.0801138862373646,0.870766026775673,0.20090131077334727,0.026221160383401054,0.00421655378213226,0.01052316346815152,0.7620838558358257,0.785489451818564,0.4019958634569907,0.40325408712932165,0.2588526985126095,0.5476319009031112,1,1,Pathological
0.4992579369750669,0.9999770913583208,0.5768456342587972,0.36996240433373095,0.9280809778803425,0.012265502310873866,0.03548496982277982,0.7054936159334539,0.4722590336666078,0.674394534218239,0.6105506467410353,0.9516896775096096,0.5272403029081686,0.15801337738772003,0.17228814742702603,0.9829860396634648,0,1,Pathological
0.49994766304538163,0.999994805195914,0.5773906775197699,0.23088696766908545,0.6658356567404314,0.3556214380923416,0.9729985985955351,0.7820604479504772,0.4693226869853616,0.5473937593708941,0.8202874264476969,0.5704458773326122,0.07024769513488616,0.05494769015935419,0.5308831261865177,0.9222807336891643,1,1,Pathological
0.5025765793508901,0.9999517195232959,0.5791811964634608,0.8964928006185484,0.9968960146292164,0.4140056049885814,0.56354017591137,0.809461608040453,0.1594627285995749,0.01163246557722708,0.40366739476996216,0.7665842613176053,0.7833264646876381,0.7087097626498872,0.3402061444628155,0.025124113319827113,1,0,Healthy
0.4996664992329855,0.9999774110952913,0.5766160613637119,0.1842579873026544,0.11001742826643068,0.5339936414855595,0.9425501760366147,0.6904343726221711,0.5261161570566546,0.3467839279197529,0.9973703236170223,0.05232721938277207,0.867049683402448,0.9335358594019944,0.7642665471828832,0.36540566103549,0,1,Pathological
0.4990545831440705,0.9999029180549972,0.5770316819316181,0.9871492364075114,0.30229043148012635,0.594914698899751,0.7779909889655061,0.8974843708265979,0.5111611199364368,0.9231727736759826,0.6982083341197306,0.9004290005000992,0.6468474973819164,0.1229188290156431,0.24357587980546702,0.7037388181595998,1,1,Pathological
0.49895170445479103,0.9999937885816718,0.5773929220323976,0.7530384855900331,0.5633445630877905,0.19444139148220696,0.4574658104843152,0.7509847361314204,0.20829185793492966,0.2562105910150454,0.43430939929786094,0.5849245066997155,0.9466116278901465,0.8197524495267177,0.8480667538092546,0.11127313365007852,1,1,Pathological
0.5020304507233206,0.9999705412467463,0.5785098329397759,0.14609807668881458,0.08563784133397778,0.10176527284953762,0.11884317233728325,0.9527287349572994,0.7650812440272771,0.7376992184588415,0.24947748985887597,0.7402189805083846,0.4534461805545742,0.6718741712805547,0.9133674203746388,0.49287321491926883,0,0,Healthy
0.5002825726806093,0.9999730720724131,0.5776478242598703,0.4674418997145695,0.37435206353357875,0.37083641270454504,0.4141712743070305,0.0672995047599858,0.03152596031837862,0.7153781480270547,0.1112227321575382,0.17098007192142628,0.4087715335120361,0.5230360688199334,0.22325583008609984,0.2955568626704227,0,1,Pathological
0.4990888020172013,0.9999861604740554,0.5766765626901816,0.7065047859885654,0.3935999274149461,0.6514214870573501,0.03353108487611778,0.28921287493532877,0.022733304448719127,0.6206787234836261,0.7565904595798641,0.6637219766145819,0.5449348759674617,0.35760290039053677,0.3612317915027966,0.7452413510205776,1,1,Pathological
0.4997951949990342,0.9999976069579013,0.5775368665011427,0.0941174903617964,0.6452591374871312,0.823472963658955,0.2571117744397463,0.7686041658619059,0.17627910319175888,0.3888828831275589,0.014816998310811735,0.42554902763949554,0.6834278191765305,0.3674796201544751,0.9037143516409627,0.567830682121947,1,0,Healthy
0.5011810946400973,0.999969562256648,0.5780766083646821,0.16641783352548334,0.7768951486396616,0.3431465950518383,0.03517536011673961,0.9457277228649065,0.174788421504246,0.9114085141062326,0.19419474249368163,0.3453411189664948,0.5859803672085321,0.7916612007373828,0.21934342148881802,0.30026716747367665,1,1,Pathological
0.5014448681298624,0.9999867439776663,0.5789325285704681,0.0648821509285713,0.5815544343120244,0.343502049873328,0.9575132741916291,0.09722412489131205,0.22439738861367187,0.3249023414537243,0.7838744115590575,0.6250225633198144,0.3115370243647547,0.4134088309359585,0.8644918313146824,0.36928110019545757,0,1,Pathological
0.5001601755803311,0.9999329042224478,0.5780130176686841,0.4571012057696663,0.3895698078010379,0.8686611918291824,0.7733931424002675,0.5639734225499912,0.469560542199567,0.6840571764807197,0.3025152440202473,0.020146060032937507,0.3096195483730927,0.9958595177230676,0.5258323334176865,0.07632659972974187,1,0,Healthy
0.4991875427023858,0.9999839703350965,0.5767811286083687,0.3537624649974609,0.4853798051296754,0.5377417629046324,0.9629587386479603,0.7046697025701464,0.8685589918105312,0.36134552193182556,0.4111978066955506,0.48552764127422554,0.5840676416475622,0.8475152201875257,0.029937183798015465,0.18588327249577796,0,1,Pathological
0.5008142301342634,0.9999349683520147,0.5779560557970124,0.7664876452697954,0.2502415184846142,0.20992621093299146,0.19230983490400722,0.30365185442759335,0.05086373036486569,0.3634665616241525,0.8719244146478015,0.1612074817863408,0.10669602782557674,0.3253067878061463,0.6533016842836478,0.09207184649295175,0,1,Pathological
0.499015435847683,0.9999809357244732,0.5764884529648538,0.4375807508005565,0.8044136110664656,0.9447231052549411,0.6210057386113896,0.35220080446686786,0.28906436445199324,0.5119156297432792,0.8327903089452666,0.16663028228221832,0.9456861809133351,0.9469919325741077,0.37972663678857266,0.7085754163756876,1,1,Pathological
0.4980070516770713,0.9999692336106517,0.5755258257086621,0.6976790752823192,0.6400643559745662,0.34206676190751306,0.0994960886136228,0.8816834552586781,0.15725283140659685,0.2067685192209523,0.34166497846144994,0.5645302857122793,0.2170110875855359,0.03523947961966245,0.013865904790861694,0.4291132541887879,0,1,Pathological
0.49910198241718134,0.9999908928361263,0.5764743240362012,0.0285767675069033,0.5999534686062352,0.002944054304397925,0.22372170909578248,0.3889892694013115,0.06303596336080075,0.07220151293936083,0.2776424203271042,0.32198488521058644,0.8123914450492975,0.24879771441422927,0.3355928478892356,0.44341746295033946,1,1,Pathological
0.4999851245067718,0.9999985188175059,0.5772939376211865,0.6513927705310162,0.5744531365136082,0.7082620104955425,0.5028833721225382,0.0005948227771070957,0.9783960494868267,0.5314385951004689,0.02994438270002664,0.2838178587454403,0.02044677219176172,0.566995648377245,0.661652272112252,0.19138961237472885,0,0,Healthy
0.49790250637974526,0.9999998067189646,0.5752961047433396,0.8995596996673862,0.7342537760147052,0.18975033119660578,0.8740549020435877,0.4110361327978038,0.8674712342747982,0.2116142856794001,0.660017085295746,0.7323837664763002,0.6406101675952661,0.14962998254043147,0.2711506871352358,0.3807669233446842,1,1,Pathological
0.5007152089471993,0.9999926870142248,0.5779064779335032,0.23525514864176755,0.775294854712818,0.911413467877295,0.3597871125563904,0.7125135846299304,0.09588028567955842,0.0035742862283876242,0.8944271435812278,0.24127324162950514,0.9349009059045159,0.15078262127905395,0.9203355307762424,0.21196416032355292,0,0,Healthy
0.5014644338014648,0.9999792525540864,0.5780622238619892,0.2169245796526098,0.04450476798994352,0.08109432817965456,0.520237460852607,0.7760199221669767,0.9905812579535841,0.19435468373843734,0.07624045086040554,0.38219384461135164,0.5231688467894353,0.015828187635466118,0.3111048902033361,0.9751576061620408,0,1,Pathological
0.5022369602225126,0.9999647979208254,0.579927826737373,0.8473833657932045,0.8667743736993462,0.8479210761196868,0.18663910896603153,0.8301794337276285,0.7006455324320391,0.03973976039191007,0.5506582765990813,0.09264120855675773,0.9459670169557051,0.37435561942704254,0.530387026480024,0.6631214432924405,0,0,Healthy
0.49896985799512894,0.9999122140277791,0.5758946409435817,0.007999612387386223,0.30452212175809357,0.28646049146372443,0.7995854678706171,0.8672537075489478,0.8308312813650802,0.06938435836556911,0.1360822261474437,0.9822801204369542,0.29446666612947847,0.9631056702729834,0.19610408506665555,0.02357061823275275,1,0,Healthy
0.4989152741290755,0.9999794327958645,0.5757483636936526,0.6829040308673193,0.8930411792282138,0.16152532889842108,0.6820057271342522,0.5235709068520288,0.14994241365526684,0.10499185642482078,0.4841491041440251,0.031765028917568716,0.14222836154723717,0.8178819610719292,0.6994085858269047,0.8466358970619859,1,1,Pathological
0.5008104152896464,0.9999991309848755,0.5783520381542503,0.8475402655118657,0.6411487442281965,0.02585591482154137,0.3420655841057594,0.47859442526021223,0.6169392541215826,0.5041723467005256,0.05457706012820329,0.16757245264995424,0.12653678764926302,0.3214559228761398,0.16031092094563593,0.9785062054020621,0,1,Pathological
0.5013309331256723,0.9999742625720718,0.5788512991445418,0.9380185712838258,0.966662949875845,0.7241692376951614,0.3800327365417717,0.987173248080367,0.23657262379045274,0.4526365822997458,0.22802014550855443,0.20818888339998265,0.6617244289687614,0.21320683255911843,0.29631385336022065,0.3463367062165874,0,0,Healthy
0.5010889632633289,0.9999970974794582,0.5783536771256355,0.5862097698264928,0.5745542115394382,0.40652694453495497,0.5016181123287623,0.9573461018062387,0.19434837452132647,0.7462804871804534,0.713573144464614,0.6621598844746983,0.9358896246410153,0.8957001727864796,0.3939586737177143,0.2901968253935002,1,1,Pathological
0.4999140860907198,0.9999802462189817,0.5771106787245411,0.4836783985645906,0.1281414905261251,0.9941086396898804,0.762841245537633,0.5916884896895521,0.4257933024638768,0.27882283497454563,0.8303599239178486,0.940520130822916,0.00454085902852186,0.6377523018782869,0.5296323320837033,0.3651477128230659,1,0,Healthy
0.498992596302033,0.9999992834390031,0.5770015361052787,0.24647088047995735,0.5174632747740486,0.26809470223839893,0.47108124549466035,0.8793507079162012,0.7406500583356735,0.9224742615601857,0.027280498229270922,0.9182834217121483,0.7171338967171023,0.9244303449460114,0.7951837890932612,0.6283919372260003,1,0,Healthy
0.49953656474032054,0.999974762115098,0.5772737668907333,0.2614771640773311,0.816883124128021,0.7590128321917541,0.15849210408004477,0.7975259428214198,0.3217243649817607,0.7876111054326835,0.2922483601383151,0.9399065559711006,0.3846613991723483,0.649134789092881,0.6863060894732628,0.4215164089516482,0,0,Healthy
0.5006307386370461,0.9998814817095779,0.5778676073337508,0.44464128042521567,0.996941343411396,0.606531541577885,0.0861171528734006,0.9532592392652613,0.27389724008415395,0.20243358777573173,0.13396398424402267,0.970952584786093,0.27962893609212736,0.5798402137576985,0.6038094739907147,0.505910766816707,1,0,Healthy
0.5001408075978929,0.9999999870916765,0.577291751392264,0.7043843953335288,0.587939337928043,0.13544158825531627,0.7849495242581348,0.3902731535018049,0.9389125697651726,0.9055943298741246,0.5237365314805456,0.8226866928396559,0.1538991874654092,0.5350153101135267,0.770087863938324,0.08971026450125597,1,1,Pathological
0.4991337731636014,0.9999921901225554,0.5770152906869664,0.15790042431535545,0.30399492492487235,0.0867463067774914,0.7969446822314208,0.4271766185751824,0.5996884474571476,0.8351123799686826,0.09188273092560473,0.8532201209237119,0.07856504670877495,0.714934677561198,0.9770861347157012,0.18295618364726207,0,0,Healthy
0.5015301351068991,0.9999928589004301,0.5788015523920449,0.4345766884446539,0.6875659300886007,0.6930983297000042,0.9952720634124016,0.8623096117184812,0.22376146808946795,0.6362221777544532,0.9487790218719716,0.527338546471539,0.878154324462717,0.967564568835341,0.416991767838652,0.43574815964606084,0,1,Pathological
0.498859498594769,0.9999965203613717,0.5763931461526658,0.3667905907592093,0.4520615355679076,0.11229006522639151,0.3261017782633172,0.003389767147506939,0.33892913876363107,0.5494771766280466,0.008286830729264838,0.9288791122809258,0.890693595534473,0.23884897554278828,0.09808035037982676,0.4624098031519832,1,1,Pathological
0.5027275154346916,0.9999919895476367,0.5796403549803405,0.3195865388392163,0.010612876382274372,0.03392550733903854,0.9960473096434608,0.04218738015687762,0.9866922480257296,0.8383087593499002,0.4442418376896652,0.3496419830071983,0.1348145019812309,0.33029255108611666,0.5427792498036353,0.6445073548048393,1,1,Pathological
0.4999057709224991,0.9999972811410467,0.5767332494135,0.9829499366809911,0.21339936534026138,0.11278555693728876,0.7807486554702374,0.44695442113820005,0.43794457355826133,0.7497799648880176,0.610290936015457,0.7912670171781322,0.2782554130134658,0.6087457116912659,0.759465780188526,0.21100986474268124,0,1,Pathological
0.501036965614311,0.9999716440803186,0.5786581703307849,0.6556782628955966,0.397512381145945,0.7318944502944034,0.6270317579929985,0.8020824646150431,0.17717186969360887,0.9023369335416874,0.28106512700957964,0.2817374088717316,0.49672779548852064,0.7576309083930373,0.27768258088937936,0.9082753894189027,1,1,Pathological
0.4996227000224275,0.9999798802741112,0.5775446308389824,0.22665993706854892,0.8580863277631575,0.9385696690236058,0.5164918583321089,0.07478527191350459,0.8077828276109444,0.06017169996562344,0.7787832289807317,0.3017428886244973,0.5730995296249622,0.7533434109723749,0.5561695298770031,0.9163848699334703,1,1,Pathological
0.4997542188490611,0.9999978141007633,0.5771822869835209,0.03698429099486711,0.8999129414998125,0.20995709342943325,0.1873074573369905,0.1333887464617879,0.06279168046993222,0.46492584130830084,0.5249404491000438,0.82524392121809,0.4624112855364866,0.23925910784993076,0.19610018848940436,0.9272174499594944,0,1,Pathological
0.5018373231946354,0.9999713406555542,0.5786831192304109,0.37749076047443275,0.20641513472213546,0.6332890574110558,0.1725770323910637,0.8414636575106995,0.6230200981502363,0.3083468541297252,0.9908291503595881,0.8374688617880252,0.02697660974423921,0.2576507442102748,0.8292464763937478,0.6130349922313875,1,0,Healthy
0.5002812861139359,0.9999823189979119,0.5778330714975591,0.6045640118782062,0.640734372928075,0.6406472904760057,0.8530690457864626,0.9359305462551211,0.2626636408212155,0.2996664761574106,0.7140253307874902,0.03778777820379697,0.2468841211114483,0.7303163737935631,0.0616329511881929,0.8930159187591395,0,1,Pathological
0.5004937063760007,0.9999952515493015,0.577373083775386,0.5054423530224658,0.55735247033536,0.49600804587354663,0.4557628429797431,0.03921731819345642,0.1259125796165811,0.6292537229379194,0.47121674807510827,0.13912220032337375,0.24948997639392556,0.46176299753093974,0.2921330995381518,0.5780694272217931,1,1,Pathological
0.5006078570113868,0.9999889669410967,0.5783865801465832,0.7232782992593455,0.13387221973352903,0.8317263687972374,0.8670762576689638,0.8128478844995451,0.6600597465751376,0.7579228259523353,0.9846140349547488,0.3280860772909374,0.91868637550266,0.003350492442231068,0.9496336258477066,0.25588151918833846,1,1,Pathological
0.49957139014153595,0.9999235969725505,0.577108839268139,0.8161890108912293,0.886508726740101,0.6087735469814571,0.7269882398649541,0.3381815398704846,0.718388833618885,0.45499525964155485,0.6970807618351028,0.4393611356635537,0.9913892841087067,0.4535770572864689,0.0482450530339783,0.7337047062367674,0,1,Pathological
0.5002323689411362,0.9999727126099491,0.5774281354363645,0.1695202392157964,0.7342959263842234,0.5844364591792538,0.066702520861747,0.6902340729367176,0.20725473359318491,0.06467382646954845,0.3663605864172522,0.07273886861650258,0.7767072677952699,0.9902908287847284,0.4925781821630727,0.09584424763398447,0,0,Healthy
0.5009156703096491,0.999998217196171,0.577956450911459,0.20842049711159427,0.528879738004746,0.09246849784003341,0.25528703088501015,0.2953357909221067,0.8184925818470019,0.7408392984874839,0.5463422455238278,0.18073092721061523,0.7601058888719601,0.5091970309247842,0.9107536294740076,0.9985621715465646,1,1,Pathological
0.5008928449349291,0.9999980957361032,0.5778082542144166,0.49898601953317034,0.1627028548726519,0.09652358690854601,0.13448684781674225,0.17779826117013275,0.5270495478859671,0.08226005953768811,0.9264241931178739,0.7414297927702146,0.5546732342561919,0.21090942820238234,0.4936541110747973,0.05517573704564105,0,1,Pathological
0.4987723752271164,0.999990899245958,0.5763676431651678,0.16663163795484326,0.5397936915101814,0.4812829493138612,0.5197266202976801,0.5024803804395954,0.8531807408996038,0.8920589896320731,0.7970278170353003,0.1459767136465937,0.9300641509005336,0.2632495316001462,0.862619960365267,0.6965872199552086,0,1,Pathological
0.5010622113418544,0.9999994263912808,0.5786466519233321,0.8578727727381589,0.09639452346185207,0.6519136651527259,0.6632022719063526,0.13503501796015005,0.2876329702893874,0.6166169871574684,0.43281132865882443,0.1880764890116371,0.44334669728676446,0.8936892776885662,0.8099681485270026,0.5827162512210133,1,1,Pathological
0.4990487294841238,0.9999683007840958,0.576408619056065,0.3821830363878296,0.25157068399298355,0.30818570184760374,0.12175297563679766,0.6096391617119263,0.744414711121901,0.4632638558101365,0.6507028349540167,0.24714683026368922,0.9019669209754556,0.44004785310910033,0.9850672219004485,0.6770755153579495,1,1,Pathological
0.501676670551335,0.9999880842552755,0.5784389395450249,0.2933084199340168,0.3525005922715615,0.09920671392763147,0.21490553280748936,0.06695159590783495,0.7307626775784043,0.5498204468284029,0.12498295452860897,0.7780756809111874,0.4369175809213418,0.38954303807592927,0.029190586643622174,0.49935119732757316,0,1,Pathological
0.4982252416636891,0.9999877083697188,0.5757380766331723,0.2241664536718878,0.2618864048902412,0.37463299942505524,0.9127386275882331,0.4788071284190736,0.15868837813454628,0.7967656023491674,0.038324728094552896,0.027470545125883095,0.8480376914373755,0.018707774232057828,0.805298939038976,0.498327171560379,0,1,Pathological
0.4987808915292426,0.9999840637403368,0.5766709996829747,0.7428676082016928,0.7992957337717418,0.1762237730812597,0.9881944969081763,0.18180290673819366,0.6876431005997093,0.8322039490335597,0.18421631334778665,0.05046137626236957,0.15226841527035717,0.6841620481756145,0.9795840363595212,0.6309529507294485,0,1,Pathological
0.49978699465059273,0.9999871089031738,0.5772775094419695,0.6043694486256712,0.7825435323384211,0.5252215785169408,0.9898712335206916,0.8085162373134832,0.30610247575321436,0.7707296840311035,0.7067382123451335,0.16877081949422246,0.35702867276336225,0.81179109282014,0.4200043399187826,0.06414319808816249,0,1,Pathological
0.5017514353895127,0.9999374476929541,0.5787827951081609,0.9219363106616798,0.8990243936772985,0.03497418157760257,0.9578040476309269,0.3926848627162045,0.8501407986879915,0.8255152822807675,0.2890150360346522,0.8378080256814069,0.6814378541860461,0.7341223589759157,0.019950161621648754,0.03332620012413523,1,1,Pathological
0.4995727392340001,0.9999501877086191,0.5768365523221936,0.750616959808869,0.9769330185004739,0.9757707168825777,0.6370687433394807,0.16118440039765114,0.7710325394398765,0.15541623780700453,0.5895663321097514,0.6547708704642252,0.44375770069324694,0.047547101379682655,0.8312293987140952,0.30292540668145607,0,0,Healthy
0.499479006051446,0.9999333154686287,0.5766616788595821,0.40435529468213127,0.5934973988511628,0.9258990847853127,0.4589600471508397,0.20700221384906015,0.7473189896158211,0.39629635074390945,0.8673858734197524,0.8799975420694311,0.7903717213403778,0.9114465218144694,0.1476065056076301,0.7514469318039011,1,1,Pathological
0.4980936663282326,0.999991252698934,0.575748991386873,0.9691394202176511,0.9651275047275739,0.021437424479727407,0.7813540586803457,0.010728223053970698,0.6974430608333286,0.7408280126684909,0.4197315296891502,0.3013509282610085,0.41466451288927264,0.7087954669351165,0.9427148251566884,0.1917571320461413,1,1,Pathological
0.49886914909239655,0.9999508841165445,0.5762087150827062,0.8033583832789033,0.2867088568766343,0.39074299333054974,0.4202516599094258,0.8190989553388555,0.8873328486350015,0.3908682724406013,0.01748845057428461,0.44977279435540374,0.9255444382512892,0.38236665718412133,0.6026126786409038,0.02126602790487442,0,0,Healthy
0.5007062909679513,0.9999817087484757,0.5785317795489908,0.7523463347897166,0.08881479385382574,0.5167020273366381,0.9451048151514553,0.5952059593199794,0.33910171983936555,0.9937310482349145,0.23177203304406746,0.18358303681057053,0.029974237431821593,0.1345759181503675,0.21303581105931124,0.9666877995977741,1,1,Pathological
0.4987625968026419,0.9999935510913501,0.5760451973613284,0.9291502384627627,0.2512535857379036,0.20665587526530593,0.8895283459951357,0.629418638361188,0.49240107148041057,0.5122156274730576,0.6467124621213137,0.13391212154422671,0.37833434961561774,0.17162693357754344,0.6500041068545638,0.9332093478173475,1,1,Pathological
0.49992881879870604,0.9999835548781083,0.5774592026097668,0.4489353578707155,0.8705706309735969,0.5755085581836213,0.2751538079915199,0.8302079736615579,0.1215205825796607,0.21754754426912382,0.5474803914079491,0.3626152588483672,0.5954024276325852,0.7222210560098659,0.8955089750973473,0.29865336522282493,1,0,Healthy
0.5011606990696926,0.9999708202444436,0.5784890058414889,0.9456226881640502,0.33706801209454285,0.18926708368363498,0.6305222044632328,0.5264758007026579,0.22444463516372282,0.9879839502782581,0.9373367448235836,0.391028132713959,0.6307180447380972,0.9613592488382623,0.05151009711725374,0.7491863675189062,0,1,Pathological
0.4996375354336554,0.999966374173139,0.5765956877596352,0.3076601362062732,0.4983667816269376,0.9263717634100548,0.8110608545679072,0.7403846108776712,0.2814861224340197,0.8320911738926438,0.416782604047335,0.36067838325787505,0.6200334065435456,0.4354193904615725,0.8026887698047691,0.9093307147099575,0,0,Healthy
0.49922140651623687,0.9999864402639418,0.576910035054398,0.17800481172470795,0.9410422837414781,0.3380877721065485,0.28649139977171556,0.935126779484593,0.9019710324611605,0.26871999496531784,0.9108821677491677,0.9624591764309901,0.35044300059800515,0.8916992341911465,0.020829614998876034,0.984261681519149,0,1,Pathological
0.50014151124588,0.9999424727330652,0.5775648213731914,0.17326629547424366,0.120341034344421,0.8042092836901625,0.8515506185008476,0.31701006882702965,0.6222224248903516,0.8896148564266633,0.05419431318186163,0.4231278890240293,0.23513171381569387,0.01037104434890479,0.1211373080347854,0.48980196361230477,1,1,Pathological
0.5010738171234681,0.9999729611437609,0.5786864123341844,0.1839692388466868,0.7378600698306584,0.5615995889411656,0.04170150552121232,0.030034857595064968,0.11440856531332011,0.8267947429749909,0.8778960126694437,0.857014050853743,0.4754533483415663,0.4110287426103857,0.039293922175624774,0.449476589767152,0,1,Pathological
0.5008472899652562,0.9999856427923132,0.5783530782224072,0.9646655006138448,0.286716258299597,0.13191900860759864,0.6635884088031735,0.1620123614009985,0.5549531069662829,0.3946598114646519,0.040204388860483165,0.07663619683760259,0.6280796377242593,0.14285132626192343,0.5625629514026195,0.6687129751527067,1,1,Pathological
0.5002690949319019,0.999989948753599,0.5780776605061407,0.9805859614365657,0.9209245406932307,0.3588362955783134,0.42797759914741884,0.5288137498745485,0.9797399430891702,0.2811236168684922,0.8947448194485685,0.1504042670588671,0.07305682575433181,0.6382519864565676,0.10855514964257229,0.6236394858684505,0,1,Pathological
0.4986345152816478,0.9998243957596606,0.5765219168803236,0.17825045368855386,0.951771121470764,0.38540834250238154,0.5831728189733261,0.6669201004178877,0.803425818785416,0.535822219921225,0.3102950059854356,0.9247656320039506,0.2635683150268775,0.5392396740729606,0.8700586958242367,0.9984347000821843,0,0,Healthy
0.5018945675838286,0.9999700884645303,0.5793396241213188,0.1859887056620343,0.306984724085704,0.701961587004798,0.9143490075474102,0.7253633669130023,0.5103712873272362,0.9932938811035311,0.9657818973994275,0.7026424084758949,0.8790085464815613,0.09820836644908293,0.1207284149311536,0.6201605688311779,0,1,Pathological
0.4991612071058051,0.9999899728144382,0.5765342216507932,0.8907659062805858,0.8918453176974427,0.3597642115638645,0.22530463609168605,0.7844586071869131,0.23544999371406305,0.7279847930434308,0.5889080394840304,0.23587371278186786,0.884517864607695,0.11423759891264373,0.8432414506789254,0.5272509574986732,1,1,Pathological
0.4972876602408212,0.9999995837409522,0.5752979129793913,0.7051721729089219,0.6631054625756174,0.4275174740451738,0.5999869249939886,0.42107907215306983,0.609236467775003,0.5374733362577016,0.051813636902961036,0.7634732700656133,0.900474044568104,0.9780208546653658,0.787065522859318,0.22667696191104125,0,0,Healthy
0.4992508835357975,0.9999470590983028,0.5765952144798422,0.4956508697942369,0.7511952991510781,0.8749159712034583,0.7691342344636547,0.6089684497555439,0.40812837500722354,0.2472418075938172,0.9462929996087611,0.4263580372134298,0.06828622979969912,0.13157227191940135,0.7209225114911832,0.7242242473456948,0,0,Healthy
0.50085256552726,0.9999642459553685,0.5777996008461517,0.9851996455846476,0.43135515693248117,0.0015690855829999517,0.7384220826460355,0.8650843796143717,0.1944374749495945,0.27339851861572984,0.4942681853979156,0.6118089686594684,0.3095376547340677,0.6698145082238732,0.5256240558092597,0.07586236581454908,1,1,Pathological
0.4997895116559396,0.9999794585791018,0.5765550552382187,0.15034112600299854,0.47462669855018635,0.28176694326237317,0.9720746645995776,0.4200360678736449,0.7717134551186132,0.5410373862028174,0.2575564430148548,0.46046705228705864,0.11156473915766896,0.7061270638679948,0.768540140836839,0.5533325425264,0,0,Healthy
0.4999716710367093,0.9999879314522359,0.5766445410017152,0.10505404283946074,0.31576511591929957,0.8222596499011214,0.04374304511583338,0.5973750536905982,0.3358770663523002,0.442193959284902,0.4752060530756992,0.816553739279007,0.6394024929559022,0.3996002243130218,0.5557550858569142,0.8308882438302377,1,0,Healthy
0.49976098823161824,0.9999842057493359,0.576915073134559,0.34144102014554556,0.8219207767129487,0.7249737096572132,0.6637336396882679,0.9376381750106548,0.14354675101253567,0.7492344134756808,0.7327828818010113,0.8489650403574757,0.021897325683753466,0.8935474305208037,0.2984466386393356,0.5383794412752079,0,0,Healthy
0.49789355876213637,0.9999621248150465,0.5752604576812239,0.2296391828496981,0.6228684971196423,0.3116337635743981,0.08408716749758094,0.3897057613400102,0.9202135269031153,0.7206548988776373,0.9260369483348047,0.5988581663439788,0.4418966113806515,0.9740495712311628,0.8838762460633719,0.940258180501146,0,1,Pathological
0.501586461392086,0.9999880396005617,0.5791998990714431,0.11347101339768473,0.03104395858508968,0.8135773026228916,0.6296396483575417,0.03907582541158572,0.658327836434248,0.0890856945943268,0.41692547389345713,0.21732984367395702,0.42153315572538097,0.45872816721254106,0.604405786865854,0.06030327886617959,0,1,Pathological
